{"version":3,"update_interval_hours":24,"settings":{"tierbase_search_timeout":15000,"mainbase_search_timeout":10000,"tierbase_api_timeout":35000,"mainbase_api_timeout":30000,"proxy_search_timeout":10000},"mainbase":["https://base2-sv.tribal-enjoy.com","https://base3-sv.tribal-enjoy.com","https://base6-sv.tribal-enjoy.com","https://base7-sv.tribal-enjoy.com","https://base8-sv.tribal-enjoy.com","https://base9-sv.tribal-enjoy.com","https://base10-sv.tribal-enjoy.com","https://base11-sv.tribal-enjoy.com","https://base12-sv.tribal-enjoy.com","https://mainbackupdomain.com"],"tierbase":["https://twyb.topcdn.org:5199/s","https://bxps.sought.fun:8979/s","https://iidu.cnt2.net:4476/s","https://azbe.greece-china.net:5928/s","https://yibz.title-father.com:8914/s","https://qxca.armed-beaches.net:2296/s","https://jguy.further-penny.net:1794/s","https://tjvz.prior.world:1753/s","https://cwzl.defend-broad.org:6623/s","https://trjt.thirty-raise.net:5678/s","https://rntq.plates-allan.org:9789/s","https://grag.trlone.com:8816/s","https://uaem.strictly-penalty.net:9245/s","https://udat.armed-beaches.net:7709/s","https://ugpq.cameron-brian.net:3917/s","https://nhic.region-housing.net:4337/s","https://iidd.loads-mariah.com:7460/s","https://nicz.column-total.net:7997/s","https://vxfd.region-housing.net:3574/s","https://jywp.optics-thing.com:9382/s","https://istb.earth-dying.com:3771/s","https://znab.diltwo.com:6331/s","https://esvp.klafive.com:7716/s","https://nkcx.further-penny.net:7526/s","https://afui.thirty-raise.net:10574/s","https://yaqw.sought.fun:9403/s","https://nzcj.region-housing.net:4064/s","https://zgne.penny-karen.com:4768/s","https://cryr.column-total.net:2135/s","https://kcdh.title-father.com:1805/s","https://ueme.pluto3.org:5581/s","https://dfle.angola-charms.org:5379/s","https://cbdi.optics-thing.com:7557/s","https://thwa.optics-thing.com:7413/s","https://ulry.wealth-arcade.com:4851/s","https://umng.cultures-facts.org:3583/s","https://vdtu.pluto3.org:9893/s","https://vooe.plates-allan.org:2653/s","https://bpek.column-total.net:3041/s","https://ufjh.gained-berlin.org:7245/s","https://uonk.cd-n.net:4963/s","https://gvcn.topcdn.org:2045/s","https://sxws.topcdn.org:8535/s","https://zang.crimes-segment.net:4123/s","https://hmcc.hopcdn.com:6845/s","https://ckjm.region-housing.net:3277/s","https://umfw.fourqt.com:6994/s","https://zbdw.hopcdn.com:4511/s","https://lgxk.articles-subtle.net:8263/s","https://kkgp.diltwo.com:6019/s","https://jrtc.nancy-battery.net:7782/s","https://pxmz.thirty-raise.net:2912/s","https://usnc.cameron-brian.net:2019/s","https://dimz.freedom-digit.org:6360/s","https://rxwo.optics-thing.com:11003/s","https://sgpp.common-faced.com:8342/s","https://phwt.cnt2.net:1486/s","https://ganu.fourqt.com:9976/s","https://oryv.strictly-penalty.net:3112/s","https://efdd.penny-karen.com:3215/s","https://dxni.further-penny.net:3562/s","https://efsm.thirty-raise.net:5172/s","https://euli.try9.net:4793/s","https://dwjh.loads-mariah.com:2386/s","https://yurc.worry-knights.net:4487/s","https://eadw.belts-elvis.net:2406/s","https://tdhs.sought.fun:9292/s","https://fwis.cameron-brian.net:7602/s","https://iljk.strictly-penalty.net:6190/s","https://hjmz.cultures-facts.org:9309/s","https://itjl.bless-charter.net:6545/s","https://odlo.earth-dying.com:6306/s","https://xtju.diltwo.com:2087/s","https://jlro.korea-injured.com:6255/s","https://ulzw.condo-forest.net:4901/s","https://szwu.writers-clerk.net:6889/s","https://ocxn.bless-charter.net:4492/s","https://bhkz.2po.info:3211/s","https://voyu.enters-simply.net:2258/s","https://zrns.tracks.fun:3706/s","https://zjhf.cnt2.net:9290/s","https://lixi.greece-china.net:1468/s","https://wrib.fourqt.com:9700/s","https://ngtc.gained-berlin.org:2435/s","https://vouc.sheep-managing.org:3689/s","https://tpwj.cd-n.net:8125/s","https://lyzm.cohen-feelings.org:5731/s","https://oahv.condo-forest.net:1188/s","https://ifiw.dirty-derby.net:8166/s","https://kyqt.cameron-brian.net:4773/s","https://llro.cd-n.net:5513/s","https://lwpq.nancy-battery.net:5729/s","https://kerx.penny-karen.com:5741/s","https://mhqj.sought.fun:8426/s","https://gcuv.tribal-enjoy.com:7387/s","https://jduk.enters-simply.net:5742/s","https://dpam.further-penny.net:10468/s","https://egfk.armed-beaches.net:9757/s","https://ojzb.fourqt.com:8095/s","https://ucui.belts-elvis.net:3183/s","https://phsp.bless-charter.net:4423/s","https://ewip.medical-appeal.net:9731/s","https://hdsi.common-faced.com:3511/s","https://jtgb.enters-simply.net:6387/s","https://dnmq.trips.ooo:4565/s","https://ssye.try9.net:9073/s","https://tadk.common-faced.com:1934/s","https://huso.hopcdn.com:6669/s","https://yuec.wayne-decide.org:4795/s","https://elbn.cameron-brian.net:3249/s","https://fsqb.further-penny.net:5409/s","https://phun.cultures-facts.org:2131/s","https://iocc.trips.ooo:2685/s","https://knod.hopcdn.com:4886/s","https://nmsj.trips.ooo:10229/s","https://adrg.hopcdn.com:2720/s","https://ttmj.title-father.com:10759/s","https://hvsj.sheep-managing.org:3827/s","https://gdfp.strictly-penalty.net:3958/s","https://mxsr.writers-clerk.net:4833/s","https://saqn.freedom-digit.org:6670/s","https://hseu.topcdn.org:7870/s","https://vnsk.articles-subtle.net:1026/s","https://msbv.pluto3.org:2926/s","https://tzus.cream-regards.net:5979/s","https://moqf.condo-forest.net:1778/s","https://keiy.2po.info:7236/s","https://kvcb.bless-charter.net:4579/s","https://tcmz.armed-beaches.net:2701/s","https://tyto.topcdn.org:3634/s","https://vjtk.wayne-decide.org:9426/s","https://axce.cultures-facts.org:10481/s","https://omsd.trips.ooo:9479/s","https://obhz.loads-mariah.com:10546/s","https://hlhw.bless-charter.net:2366/s","https://zykq.rules-tiger.org:8426/s","https://nimg.cohen-feelings.org:1938/s","https://cuee.hopcdn.com:6361/s","https://cmfh.belts-elvis.net:1335/s","https://qaei.strictly-penalty.net:1058/s","https://urib.tribal-enjoy.com:4760/s","https://jqps.nancy-battery.net:6306/s","https://pxex.strictly-penalty.net:4057/s","https://sanj.title-father.com:8492/s","https://jrbd.cnt2.net:1136/s","https://saco.thirty-raise.net:4675/s","https://vdqu.further-penny.net:5705/s","https://sbey.defend-broad.org:3373/s","https://kawh.fourqt.com:1123/s","https://egek.defend-broad.org:10759/s","https://vbad.trips.ooo:3782/s","https://lfiz.klafive.com:1558/s","https://wjeu.worry-knights.net:9064/s","https://bjna.gained-berlin.org:8325/s","https://litm.trlone.com:1200/s","https://njok.cd-n.net:9480/s","https://ydpj.rules-tiger.org:2460/s","https://jttk.topcdn.org:8483/s","https://mskh.tracks.fun:6124/s","https://zhyk.sought.fun:3845/s","https://tsle.wayne-decide.org:10808/s","https://ulbh.further-penny.net:6750/s","https://xlcw.earth-dying.com:8842/s","https://oucg.worry-knights.net:5502/s","https://qzgh.optics-thing.com:6518/s","https://ezrb.crimes-segment.net:4358/s","https://isnn.cd-n.net:1871/s","https://jtcy.dirty-derby.net:3285/s","https://modp.earth-dying.com:7337/s","https://twio.gained-berlin.org:6345/s","https://zhco.sheer-cover.org:7220/s","https://xbho.2po.info:6921/s","https://ocyb.region-housing.net:4108/s","https://zymr.wealth-arcade.com:4739/s","https://cezg.dirty-derby.net:3259/s","https://dtef.prior.world:1674/s","https://jouq.bless-charter.net:4229/s","https://nism.cohen-feelings.org:7047/s","https://xeut.freestat.org:9754/s","https://qpki.enters-simply.net:1093/s","https://qepu.cd-n.net:8162/s","https://szqg.tracks.fun:9425/s","https://xbkt.klafive.com:2586/s","https://ppwr.korea-injured.com:2290/s","https://ujxa.common-faced.com:4956/s","https://avnv.freestat.org:7719/s","https://cskt.2po.info:7900/s","https://hkld.klafive.com:9184/s","https://upev.prior.world:4226/s","https://ogbv.trips.ooo:9764/s","https://jxqb.rules-tiger.org:2725/s","https://hfgd.bless-charter.net:9226/s","https://cyww.writers-clerk.net:1062/s","https://yskg.crimes-segment.net:5363/s","https://assy.loads-mariah.com:2290/s","https://bhhs.belts-elvis.net:5213/s","https://ebtb.diltwo.com:2002/s","https://durq.cultures-facts.org:3176/s","https://nzxv.further-penny.net:1097/s","https://dxxm.angola-charms.org:5070/s","https://zddj.topcdn.org:5266/s","https://zzri.diltwo.com:3333/s","https://cyru.crimes-segment.net:5411/s","https://ltyb.try9.net:8340/s","https://rupj.korea-injured.com:4150/s","https://hjne.earth-dying.com:2574/s","https://aohe.diltwo.com:3223/s","https://ahal.belts-elvis.net:4707/s","https://lbuz.defend-broad.org:4964/s","https://qwav.articles-subtle.net:4144/s","https://rztq.dirty-derby.net:6958/s","https://nhln.condo-forest.net:2084/s","https://ctay.2po.info:4162/s","https://hdrf.title-father.com:4779/s","https://nrkb.crimes-segment.net:2781/s","https://txxh.further-penny.net:1099/s","https://rcyn.medical-appeal.net:8508/s","https://iglv.region-housing.net:1757/s","https://kpar.cnt2.net:7023/s","https://isuv.cd-n.net:7630/s","https://lyke.earth-dying.com:6313/s","https://poah.wealth-arcade.com:9184/s","https://dtdb.seats-robbie.com:1395/s","https://efzc.seats-robbie.com:3457/s","https://hnbd.dirty-derby.net:7078/s","https://qxgo.cnt2.net:1441/s","https://vmwp.common-faced.com:10406/s","https://rscm.condo-forest.net:7294/s","https://dboi.sheer-cover.org:4998/s","https://cpjx.medical-appeal.net:7795/s","https://ufzx.cultures-facts.org:2578/s","https://kssu.earth-dying.com:8264/s","https://mrbq.nancy-battery.net:5304/s","https://atgw.defend-broad.org:1809/s","https://eaho.worry-knights.net:9126/s","https://hwlm.cream-regards.net:6159/s","https://szaa.sought.fun:4688/s","https://wbby.dirty-derby.net:6845/s","https://cnir.wayne-decide.org:7585/s","https://ktsb.cnt2.net:7127/s","https://zinx.seats-robbie.com:10235/s","https://ralb.prior.world:6604/s","https://abfn.sheep-managing.org:9137/s","https://qwlh.belts-elvis.net:2261/s","https://emlh.defend-broad.org:10507/s","https://fnli.try9.net:4983/s","https://cgvo.belts-elvis.net:9791/s","https://pjgv.klafive.com:5982/s","https://ewmo.wealth-arcade.com:4151/s","https://fwiy.sheer-cover.org:5818/s","https://hxuj.dirty-derby.net:1567/s","https://lyzi.greece-china.net:10562/s","https://jeis.worry-knights.net:1708/s","https://fpoe.cultures-facts.org:1515/s","https://mkmc.klafive.com:8983/s","https://whoe.loads-mariah.com:9116/s","https://pbfq.greece-china.net:4546/s","https://tagz.medical-appeal.net:8619/s","https://kvbz.try9.net:8028/s","https://looy.rules-tiger.org:1631/s","https://leac.prior.world:6390/s","https://rvqb.sheep-managing.org:9262/s","https://xvks.cd-n.net:2694/s","https://dpzd.armed-beaches.net:6789/s","https://iyvx.greece-china.net:3603/s","https://sxih.articles-subtle.net:4116/s","https://fhtn.cohen-feelings.org:6991/s","https://bxgq.sheer-cover.org:2576/s","https://crin.dirty-derby.net:4841/s","https://radn.wealth-arcade.com:3791/s","https://vbdk.belts-elvis.net:1350/s","https://swmc.try9.net:8489/s","https://ylbr.tribal-enjoy.com:10151/s","https://rijx.thirty-raise.net:8772/s","https://jnlq.common-faced.com:3244/s","https://encj.title-father.com:4023/s","https://oekx.fourqt.com:3745/s","https://iydf.dirty-derby.net:4203/s","https://rfnm.common-faced.com:4022/s","https://hpkp.diltwo.com:6921/s","https://behi.freestat.org:6959/s","https://sprw.strictly-penalty.net:2992/s","https://jfex.writers-clerk.net:10471/s","https://ahvt.fourqt.com:2443/s","https://bhfp.dirty-derby.net:8714/s","https://tsgc.seats-robbie.com:7362/s","https://haul.angola-charms.org:10740/s","https://ecwr.defend-broad.org:5524/s","https://exbq.defend-broad.org:4623/s","https://ibhv.title-father.com:1362/s","https://nnwc.trlone.com:10008/s","https://azvy.further-penny.net:5721/s","https://ayck.2po.info:3351/s","https://acag.region-housing.net:10570/s","https://ogmt.sought.fun:1316/s","https://smrf.angola-charms.org:5542/s","https://igdq.plates-allan.org:3138/s","https://njuo.thirty-raise.net:10746/s","https://nhyy.barriers-rides.net:1213/s","https://ujzt.condo-forest.net:5010/s","https://uyhi.cnt2.net:9359/s","https://bxbd.fourqt.com:4584/s","https://bymq.angola-charms.org:1221/s","https://lzcw.tribal-enjoy.com:10964/s","https://czpd.tribal-enjoy.com:2877/s","https://veml.freestat.org:7281/s","https://evjp.cream-regards.net:3809/s","https://wxgm.armed-beaches.net:3155/s","https://nkfv.gained-berlin.org:9004/s","https://phtk.strictly-penalty.net:7007/s","https://oavu.defend-broad.org:5902/s","https://maxk.tracks.fun:5924/s","https://ekbg.gained-berlin.org:1832/s","https://njxs.greece-china.net:8594/s","https://dlgb.penny-karen.com:3011/s","https://fybn.gained-berlin.org:4375/s","https://buvu.writers-clerk.net:4805/s","https://hfic.prior.world:1482/s","https://ciog.korea-injured.com:8679/s","https://wzuc.seats-robbie.com:5754/s","https://vzjp.klafive.com:3817/s","https://npey.cd-n.net:3121/s","https://hfzs.tracks.fun:10303/s","https://iqex.nancy-battery.net:4331/s","https://nzrr.topcdn.org:8690/s","https://sgep.sheer-cover.org:8363/s","https://uwjb.optics-thing.com:2632/s","https://kipf.dirty-derby.net:4283/s","https://khoq.condo-forest.net:11005/s","https://wsqi.column-total.net:5785/s","https://ozcp.condo-forest.net:1374/s","https://kcwl.topcdn.org:2001/s","https://tpde.cream-regards.net:8603/s","https://ozcf.writers-clerk.net:4497/s","https://ifos.topcdn.org:6747/s","https://dpir.loads-mariah.com:5678/s","https://uozq.cultures-facts.org:9492/s","https://kgjd.title-father.com:5303/s","https://idkh.thirty-raise.net:10117/s","https://jmhr.strictly-penalty.net:2235/s","https://gbiz.optics-thing.com:10364/s","https://jxsp.penny-karen.com:2719/s","https://uldo.greece-china.net:8572/s","https://xxmc.title-father.com:2479/s","https://euhn.trips.ooo:2055/s","https://ibqu.nancy-battery.net:5488/s","https://srna.writers-clerk.net:1761/s","https://ijuw.topcdn.org:3621/s","https://kjmw.medical-appeal.net:7885/s","https://cjvz.freestat.org:7363/s","https://cbwb.klafive.com:9901/s","https://kxvv.cameron-brian.net:3312/s","https://clvk.common-faced.com:11021/s","https://aaao.freestat.org:7471/s","https://shtz.enters-simply.net:8716/s","https://iimi.title-father.com:4863/s","https://quiz.belts-elvis.net:10012/s","https://iulm.fourqt.com:9544/s","https://eagc.sheer-cover.org:6449/s","https://fhpf.strictly-penalty.net:5018/s","https://dbob.wayne-decide.org:9983/s","https://nkhb.cultures-facts.org:2169/s","https://kubk.cd-n.net:5623/s","https://ymzb.cameron-brian.net:6214/s","https://hlki.prior.world:6841/s","https://noxb.cd-n.net:10599/s","https://chvw.dirty-derby.net:6382/s","https://xtxl.try9.net:4172/s","https://ufht.freedom-digit.org:7872/s","https://wmlr.earth-dying.com:9212/s","https://nxas.wayne-decide.org:2543/s","https://yaih.2po.info:5541/s","https://zmxv.greece-china.net:1864/s","https://ppyw.column-total.net:1490/s","https://xcsy.cameron-brian.net:2854/s","https://vyis.condo-forest.net:6285/s","https://nyor.greece-china.net:3768/s","https://yylt.fourqt.com:7181/s","https://fjsb.crimes-segment.net:5241/s","https://xvcy.fourqt.com:2834/s","https://qzwd.cohen-feelings.org:9310/s","https://yxmf.2po.info:3072/s","https://ecbb.enters-simply.net:9333/s","https://xyzy.optics-thing.com:1575/s","https://sycb.tracks.fun:9525/s","https://nonj.sought.fun:6224/s","https://vxna.freestat.org:7694/s","https://eznj.seats-robbie.com:7871/s","https://rfwh.trlone.com:2778/s","https://tgff.cameron-brian.net:2178/s","https://oflq.articles-subtle.net:6337/s","https://rkug.earth-dying.com:9808/s","https://icwh.enters-simply.net:7636/s","https://syia.topcdn.org:2385/s","https://jkam.thirty-raise.net:8368/s","https://ygyd.seats-robbie.com:9344/s","https://dmvz.writers-clerk.net:5454/s","https://fawe.tribal-enjoy.com:9966/s","https://tdgn.title-father.com:9932/s","https://fhnp.wealth-arcade.com:8851/s","https://npgm.tribal-enjoy.com:2613/s","https://wili.worry-knights.net:4315/s","https://tfin.fourqt.com:6931/s","https://ijvf.pluto3.org:1160/s","https://prup.gained-berlin.org:10743/s","https://eyfu.angola-charms.org:2482/s","https://zues.cd-n.net:2158/s","https://egpa.title-father.com:1984/s","https://rphv.optics-thing.com:4735/s","https://wpxw.hopcdn.com:1708/s","https://lvna.wayne-decide.org:7315/s","https://aaus.region-housing.net:2155/s","https://dpai.condo-forest.net:6737/s","https://nvwh.bless-charter.net:7649/s","https://oqks.freestat.org:9840/s","https://duwx.penny-karen.com:6018/s","https://ekkq.nancy-battery.net:10547/s","https://ynnh.prior.world:8354/s","https://bhbb.diltwo.com:2534/s","https://kpkh.medical-appeal.net:4886/s","https://lcag.earth-dying.com:10646/s","https://wkqu.defend-broad.org:5318/s","https://ijme.medical-appeal.net:7335/s","https://degn.cd-n.net:6917/s","https://xrfp.diltwo.com:8364/s","https://fgzd.common-faced.com:1577/s","https://ifon.trlone.com:9834/s","https://qiwf.penny-karen.com:5083/s","https://ncsd.cnt2.net:9644/s","https://rwtr.cohen-feelings.org:4053/s","https://bpuh.barriers-rides.net:9120/s","https://mjam.gained-berlin.org:4306/s","https://usgv.tribal-enjoy.com:2972/s","https://lvjy.wayne-decide.org:7509/s","https://jimt.angola-charms.org:10011/s","https://wrvu.cameron-brian.net:4932/s","https://ptdp.cd-n.net:4539/s","https://vodl.belts-elvis.net:10591/s","https://flfk.earth-dying.com:5946/s","https://hufr.fourqt.com:8215/s","https://iwbt.hopcdn.com:5272/s","https://rtgp.cultures-facts.org:4933/s","https://fyyf.cd-n.net:6876/s","https://jcgq.fourqt.com:6676/s","https://ihkk.cultures-facts.org:1977/s","https://ezhn.worry-knights.net:3548/s","https://aexs.region-housing.net:2499/s","https://cvll.articles-subtle.net:2102/s","https://xcjw.sheep-managing.org:6371/s","https://lqqt.writers-clerk.net:7784/s","https://dfoa.topcdn.org:7343/s","https://ihch.trlone.com:3391/s","https://utvl.sought.fun:2464/s","https://rywo.dirty-derby.net:5643/s","https://mles.seats-robbie.com:2957/s","https://tyoa.crimes-segment.net:7101/s","https://wusn.pluto3.org:4040/s","https://agjg.korea-injured.com:10496/s","https://cusx.armed-beaches.net:5364/s","https://lseb.tracks.fun:3432/s","https://clqs.defend-broad.org:10596/s","https://llai.worry-knights.net:10357/s","https://etqn.diltwo.com:5147/s","https://odma.crimes-segment.net:9691/s","https://gqzh.articles-subtle.net:8176/s","https://stuy.articles-subtle.net:10024/s","https://zpgf.crimes-segment.net:1221/s","https://omwr.trips.ooo:9415/s","https://wryh.try9.net:7475/s","https://dmbb.klafive.com:10955/s","https://mmuy.cultures-facts.org:1931/s","https://unzf.cd-n.net:9624/s","https://zcuj.enters-simply.net:10753/s","https://exij.cream-regards.net:7021/s","https://iuvi.fourqt.com:9626/s","https://jhto.region-housing.net:1063/s","https://qher.enters-simply.net:5277/s","https://jctq.optics-thing.com:9270/s","https://ylcs.condo-forest.net:7189/s","https://lyhw.cream-regards.net:2090/s","https://ezlt.seats-robbie.com:8982/s","https://jzci.articles-subtle.net:1210/s","https://mpbs.further-penny.net:8006/s","https://iapy.rules-tiger.org:1455/s","https://huun.optics-thing.com:3051/s","https://igut.medical-appeal.net:5587/s","https://xblm.column-total.net:1269/s","https://fuqp.region-housing.net:7405/s","https://slyz.title-father.com:6846/s","https://pxti.belts-elvis.net:1697/s","https://wlwy.thirty-raise.net:5849/s","https://decu.korea-injured.com:7259/s","https://kihl.earth-dying.com:1878/s","https://sgla.articles-subtle.net:7884/s","https://geiu.2po.info:4846/s","https://mrft.trips.ooo:1754/s","https://fybc.korea-injured.com:5278/s","https://gkqz.further-penny.net:5336/s","https://nxmn.crimes-segment.net:6333/s","https://vbdg.penny-karen.com:8691/s","https://euuf.2po.info:3505/s","https://qjfb.2po.info:1490/s","https://buhr.enters-simply.net:8905/s","https://nvti.strictly-penalty.net:7285/s","https://poyi.thirty-raise.net:2640/s","https://luei.tribal-enjoy.com:6914/s","https://ihvo.cnt2.net:2678/s","https://gqhh.medical-appeal.net:3204/s","https://deso.articles-subtle.net:8177/s","https://idux.barriers-rides.net:3213/s","https://hbbx.writers-clerk.net:5836/s","https://uomw.cream-regards.net:4709/s","https://jyeh.trlone.com:5092/s","https://fzle.cream-regards.net:2923/s","https://rbxf.writers-clerk.net:1425/s","https://ytgx.seats-robbie.com:7540/s","https://pooo.belts-elvis.net:1832/s","https://qaks.thirty-raise.net:10303/s","https://bcqw.topcdn.org:6718/s","https://mona.earth-dying.com:2790/s","https://bcre.seats-robbie.com:8125/s","https://dtes.cnt2.net:6555/s","https://gsvk.fourqt.com:5231/s","https://azbn.column-total.net:6044/s","https://lcvf.common-faced.com:4143/s","https://ryer.cameron-brian.net:5043/s","https://vwri.enters-simply.net:6027/s","https://ahge.korea-injured.com:7924/s","https://wfam.region-housing.net:5917/s","https://otzk.cd-n.net:3123/s","https://iggl.medical-appeal.net:4573/s","https://kxny.sheer-cover.org:4573/s","https://pzfa.bless-charter.net:4573/s","https://esce.plates-allan.org:4573/s","https://exrf.greece-china.net:4573/s","https://nojq.medical-appeal.net:2917/s","https://ijpe.diltwo.com:4140/s","https://umwn.tracks.fun:6719/s","https://vfsf.worry-knights.net:4789/s","https://ntma.armed-beaches.net:2507/s","https://mynm.korea-injured.com:5111/s","https://rggt.tribal-enjoy.com:4401/s","https://pfhu.tribal-enjoy.com:8530/s","https://qezm.trips.ooo:3491/s","https://mamo.defend-broad.org:7007/s","https://idhv.rules-tiger.org:3328/s","https://dyeo.fourqt.com:3043/s","https://evsg.trlone.com:3342/s","https://wzav.loads-mariah.com:3330/s","https://rnkx.column-total.net:7871/s","https://koiq.greece-china.net:5769/s","https://uhww.trlone.com:1715/s","https://lgug.plates-allan.org:2807/s","https://mmvt.earth-dying.com:1413/s","https://wwsz.condo-forest.net:6515/s","https://wdgl.barriers-rides.net:3365/s","https://jkkw.seats-robbie.com:10738/s","https://qjxi.wayne-decide.org:6873/s","https://kxhd.tribal-enjoy.com:2407/s","https://plxg.2po.info:3376/s","https://gyhx.enters-simply.net:3679/s","https://vokt.cohen-feelings.org:1540/s","https://mufn.defend-broad.org:10503/s","https://icoi.freedom-digit.org:9543/s","https://cbke.pluto3.org:8117/s","https://ptkj.greece-china.net:6318/s","https://xsjx.enters-simply.net:7883/s","https://gpds.klafive.com:10131/s","https://losj.writers-clerk.net:9052/s","https://dpmo.penny-karen.com:2202/s","https://irah.armed-beaches.net:7663/s","https://ivto.hopcdn.com:5382/s","https://finm.bless-charter.net:7229/s","https://uuba.further-penny.net:9702/s","https://ylcz.trips.ooo:8298/s","https://xbce.earth-dying.com:3616/s","https://vwwp.wealth-arcade.com:4378/s","https://rlce.greece-china.net:3403/s","https://ista.cd-n.net:6278/s","https://qdqa.wayne-decide.org:2846/s","https://tvci.nancy-battery.net:1813/s","https://ntfh.korea-injured.com:2221/s","https://nrdf.2po.info:4128/s","https://wnvw.articles-subtle.net:1151/s","https://ucha.earth-dying.com:2799/s","https://vqtk.optics-thing.com:1853/s","https://muom.bless-charter.net:2285/s","https://rfcx.optics-thing.com:2688/s","https://zmto.optics-thing.com:9652/s","https://ytbw.articles-subtle.net:1750/s","https://ojzw.angola-charms.org:4567/s","https://ffkk.sought.fun:5371/s","https://yctj.trlone.com:1272/s","https://fbpj.fourqt.com:7590/s","https://uhaa.armed-beaches.net:10343/s","https://nxvc.worry-knights.net:9750/s","https://ptsq.freedom-digit.org:9969/s","https://wlkl.column-total.net:3736/s","https://xfdy.further-penny.net:1857/s","https://azga.trips.ooo:1552/s","https://kdlp.thirty-raise.net:8231/s","https://ihtx.greece-china.net:5663/s","https://pukq.dirty-derby.net:1502/s","https://fcec.gained-berlin.org:1524/s","https://xkfa.sheer-cover.org:8752/s","https://wlzd.cultures-facts.org:9795/s","https://voct.tribal-enjoy.com:3509/s","https://jvis.hopcdn.com:6995/s","https://anon.trlone.com:6806/s","https://jajp.articles-subtle.net:5905/s","https://dkqq.earth-dying.com:6474/s","https://elzz.freedom-digit.org:7861/s","https://lffv.defend-broad.org:7367/s","https://uscg.prior.world:5105/s","https://faqo.trlone.com:9482/s","https://flll.cnt2.net:1313/s","https://wcnf.gained-berlin.org:4809/s","https://nywk.crimes-segment.net:6685/s","https://tnkh.fourqt.com:1540/s","https://tbkz.angola-charms.org:5160/s","https://lvjj.cameron-brian.net:3382/s","https://vpoi.defend-broad.org:6086/s","https://cpye.freestat.org:1681/s","https://uzpt.defend-broad.org:6658/s","https://snar.fourqt.com:9386/s","https://rhvv.fourqt.com:7996/s","https://dfve.nancy-battery.net:2767/s","https://bnov.further-penny.net:3535/s","https://phkt.region-housing.net:3291/s","https://ncwb.sheer-cover.org:1067/s","https://vlpa.thirty-raise.net:5914/s","https://iubb.dirty-derby.net:8047/s","https://bglw.rules-tiger.org:6165/s","https://gety.freedom-digit.org:1690/s","https://blvg.fourqt.com:1423/s","https://makc.cream-regards.net:8502/s","https://otxv.seats-robbie.com:6400/s","https://wxle.tracks.fun:5225/s","https://urzv.greece-china.net:4566/s","https://cwru.articles-subtle.net:9396/s","https://xtiv.cohen-feelings.org:1206/s","https://xfem.greece-china.net:6293/s","https://dbwg.klafive.com:10456/s","https://wcef.optics-thing.com:4222/s","https://hbwy.sheep-managing.org:4336/s","https://wrcm.seats-robbie.com:1410/s","https://bsus.sheer-cover.org:3658/s","https://mfri.common-faced.com:1160/s","https://xsre.korea-injured.com:5428/s","https://gwkb.armed-beaches.net:7398/s","https://oqur.klafive.com:6166/s","https://urmx.freestat.org:2315/s","https://umfe.cameron-brian.net:3013/s","https://kqve.diltwo.com:3374/s","https://tzsu.writers-clerk.net:7734/s","https://siyb.cameron-brian.net:5099/s","https://yado.prior.world:6581/s","https://fyzu.thirty-raise.net:2915/s","https://oehw.try9.net:9035/s","https://fncv.barriers-rides.net:3636/s","https://bjru.greece-china.net:4742/s","https://eolj.crimes-segment.net:1873/s","https://uopm.medical-appeal.net:10604/s","https://uhyc.diltwo.com:3627/s","https://fero.trips.ooo:8531/s","https://pqgu.seats-robbie.com:3578/s","https://ledu.earth-dying.com:1992/s","https://gcge.region-housing.net:4009/s","https://cete.sought.fun:1225/s","https://ubtv.tracks.fun:7491/s","https://gncm.strictly-penalty.net:3986/s","https://btbr.region-housing.net:6374/s","https://ymqi.topcdn.org:2182/s","https://dysp.earth-dying.com:5481/s","https://bfqw.tribal-enjoy.com:3730/s","https://lvhm.gained-berlin.org:2943/s","https://tdti.wealth-arcade.com:3130/s","https://mlkx.worry-knights.net:4420/s","https://jcgf.try9.net:2218/s","https://ouzr.rules-tiger.org:9174/s","https://mqyp.defend-broad.org:1370/s","https://xsiw.dirty-derby.net:9381/s","https://unta.trlone.com:4766/s","https://lkon.nancy-battery.net:4502/s","https://oiys.tracks.fun:6198/s","https://xzeg.articles-subtle.net:10681/s","https://kshi.plates-allan.org:7403/s","https://eivi.hopcdn.com:4023/s","https://dxtj.further-penny.net:9206/s","https://mxvl.diltwo.com:3408/s","https://zusq.2po.info:4520/s","https://wlpc.cream-regards.net:7274/s","https://habb.further-penny.net:9064/s","https://umjl.pluto3.org:8980/s","https://lqur.medical-appeal.net:6539/s","https://dwbr.articles-subtle.net:3445/s","https://idyd.sought.fun:8209/s","https://bqhb.tribal-enjoy.com:3415/s","https://zzgf.cohen-feelings.org:6368/s","https://ugik.region-housing.net:7280/s","https://kzag.cd-n.net:8526/s","https://xhdj.dirty-derby.net:10697/s","https://pzkh.wayne-decide.org:6605/s","https://kofp.barriers-rides.net:5256/s","https://wrlh.sought.fun:8905/s","https://krfe.pluto3.org:8952/s","https://jajf.sought.fun:9286/s","https://wtow.title-father.com:4025/s","https://smgi.pluto3.org:3536/s","https://mjtt.trips.ooo:3936/s","https://tmjp.prior.world:6296/s","https://rwts.defend-broad.org:2728/s","https://xgti.diltwo.com:9849/s","https://eczb.plates-allan.org:4902/s","https://wxqc.tribal-enjoy.com:9277/s","https://ghpf.condo-forest.net:5336/s","https://dphc.title-father.com:6362/s","https://jtzr.sheer-cover.org:9827/s","https://biyq.region-housing.net:10092/s","https://xdal.klafive.com:2934/s","https://ozfh.cultures-facts.org:8356/s","https://icwj.cnt2.net:5791/s","https://cdkp.sought.fun:8165/s","https://wykx.klafive.com:1455/s","https://tjmw.worry-knights.net:8923/s","https://vyut.articles-subtle.net:2797/s","https://hybo.loads-mariah.com:5049/s","https://ovzy.gained-berlin.org:1662/s","https://bryd.column-total.net:6580/s","https://ojru.barriers-rides.net:10176/s","https://wlzl.wealth-arcade.com:3182/s","https://qwgw.topcdn.org:8498/s","https://ggrk.articles-subtle.net:8800/s","https://wvcg.freestat.org:5619/s","https://wyrp.cameron-brian.net:3788/s","https://nvnj.medical-appeal.net:7054/s","https://rmpe.tribal-enjoy.com:5993/s","https://ficm.belts-elvis.net:2049/s","https://lfiw.hopcdn.com:4822/s","https://naqu.plates-allan.org:4063/s","https://pxdh.barriers-rides.net:9861/s","https://jrct.armed-beaches.net:5871/s","https://opcj.freestat.org:8047/s","https://gksx.penny-karen.com:2833/s","https://lhhc.penny-karen.com:2527/s","https://krio.korea-injured.com:2804/s","https://msua.further-penny.net:4713/s","https://akvp.korea-injured.com:5981/s","https://yysc.bless-charter.net:4222/s","https://jtsv.prior.world:1691/s","https://yspd.region-housing.net:4615/s","https://kway.strictly-penalty.net:5955/s","https://ckyk.try9.net:4588/s","https://gjbd.optics-thing.com:9070/s","https://mcem.further-penny.net:3035/s","https://vyoz.dirty-derby.net:1570/s","https://daey.plates-allan.org:3387/s","https://vbkh.greece-china.net:7027/s","https://evcd.optics-thing.com:7357/s","https://jnho.sheer-cover.org:8035/s","https://uphj.bless-charter.net:10917/s","https://jsis.topcdn.org:9453/s","https://sofz.seats-robbie.com:8449/s","https://mrii.enters-simply.net:7231/s","https://crvz.freedom-digit.org:9603/s","https://hmxk.freedom-digit.org:9762/s","https://yate.pluto3.org:10748/s","https://kmtj.wealth-arcade.com:7795/s","https://xcxp.bless-charter.net:2488/s","https://hdzl.plates-allan.org:3140/s","https://ozuu.try9.net:3275/s","https://hvcp.2po.info:9331/s","https://nkgd.cameron-brian.net:3118/s","https://lren.rules-tiger.org:10438/s","https://mmqm.gained-berlin.org:9557/s","https://pamr.cohen-feelings.org:1610/s","https://uzaq.column-total.net:4941/s","https://vywp.earth-dying.com:4195/s","https://pmkv.wayne-decide.org:9102/s","https://uksb.freestat.org:5714/s","https://imxr.gained-berlin.org:4374/s","https://zuei.cnt2.net:2284/s","https://fvlp.title-father.com:6381/s","https://dciv.trlone.com:6725/s","https://wase.further-penny.net:4207/s","https://wpci.defend-broad.org:3059/s","https://hyoz.defend-broad.org:8060/s","https://kyix.topcdn.org:3463/s","https://zdaj.barriers-rides.net:8017/s","https://cwwj.wayne-decide.org:9636/s","https://gfzw.diltwo.com:2821/s","https://hchu.articles-subtle.net:1650/s","https://ipwb.topcdn.org:1300/s","https://nzpf.nancy-battery.net:7809/s","https://jdrw.sought.fun:1050/s","https://oppw.freedom-digit.org:3465/s","https://tncm.belts-elvis.net:8884/s","https://iodp.common-faced.com:7949/s","https://ufmn.fourqt.com:8109/s","https://huvc.wayne-decide.org:4296/s","https://fdxd.pluto3.org:2048/s","https://zvce.topcdn.org:3118/s","https://akoz.crimes-segment.net:5488/s","https://okyu.sheer-cover.org:3521/s","https://rcds.column-total.net:1813/s","https://urqn.korea-injured.com:10556/s","https://dvom.tracks.fun:5964/s","https://whwv.title-father.com:6830/s","https://psxr.cohen-feelings.org:5391/s","https://dgoo.pluto3.org:5349/s","https://tyib.plates-allan.org:9322/s","https://gsmm.fourqt.com:10124/s","https://oxam.earth-dying.com:1254/s","https://dvbs.region-housing.net:5672/s","https://ootn.wayne-decide.org:8460/s","https://dphd.belts-elvis.net:2975/s","https://oywv.articles-subtle.net:5607/s","https://yflh.wayne-decide.org:4498/s","https://xjyk.title-father.com:8334/s","https://jgwj.2po.info:10353/s","https://vugt.plates-allan.org:1126/s","https://kgha.prior.world:10761/s","https://ocro.condo-forest.net:7232/s","https://mtss.cohen-feelings.org:10145/s","https://gnet.trlone.com:8942/s","https://uqzs.fourqt.com:8408/s","https://mrcy.worry-knights.net:8660/s","https://vsmy.crimes-segment.net:3545/s","https://zxyt.optics-thing.com:3869/s","https://jvnk.topcdn.org:8858/s","https://ilco.sought.fun:1658/s","https://zvsq.rules-tiger.org:1192/s","https://kpat.seats-robbie.com:5236/s","https://uzoo.tribal-enjoy.com:5124/s","https://xzxg.seats-robbie.com:4575/s","https://gobb.worry-knights.net:5409/s","https://advz.cameron-brian.net:3029/s","https://hbao.cohen-feelings.org:3279/s","https://cdcq.trlone.com:5789/s","https://blgk.trips.ooo:8397/s","https://sygl.condo-forest.net:3109/s","https://mhxk.pluto3.org:10098/s","https://swke.klafive.com:6355/s","https://uhke.korea-injured.com:7043/s","https://nefr.hopcdn.com:3651/s","https://wtli.cohen-feelings.org:1076/s","https://mhle.diltwo.com:10321/s","https://yrvw.prior.world:4675/s","https://ciuq.cohen-feelings.org:1775/s","https://sejs.cultures-facts.org:3258/s","https://uycl.gained-berlin.org:8912/s","https://jtuw.penny-karen.com:3549/s","https://rtvk.common-faced.com:4192/s","https://lrjl.trips.ooo:7567/s","https://kaze.barriers-rides.net:6278/s","https://wzoa.writers-clerk.net:3123/s","https://ctgf.trlone.com:8851/s","https://gpey.diltwo.com:4857/s","https://dhlv.condo-forest.net:7732/s","https://xalh.strictly-penalty.net:4255/s","https://xxns.seats-robbie.com:3365/s","https://zgum.common-faced.com:10936/s","https://scjk.region-housing.net:5309/s","https://zrza.rules-tiger.org:9850/s","https://jvbh.plates-allan.org:3752/s","https://xcgj.pluto3.org:6573/s","https://jqlm.barriers-rides.net:1845/s","https://mcxr.penny-karen.com:1200/s","https://jzyr.further-penny.net:1049/s","https://sksp.2po.info:5585/s","https://lybl.common-faced.com:4910/s","https://yghi.try9.net:3006/s","https://steh.klafive.com:9634/s","https://bslu.freestat.org:1813/s","https://wifn.loads-mariah.com:2313/s","https://qpxj.optics-thing.com:1714/s","https://kswp.angola-charms.org:8087/s","https://ohrr.prior.world:4351/s","https://trqf.diltwo.com:2250/s","https://gzqu.region-housing.net:4530/s","https://lzwb.wayne-decide.org:8838/s","https://cszg.further-penny.net:5152/s","https://jlpl.sheep-managing.org:5996/s","https://oizz.angola-charms.org:9348/s","https://cjsy.worry-knights.net:2831/s","https://elju.region-housing.net:10278/s","https://dkyt.strictly-penalty.net:9476/s","https://hwjd.klafive.com:1120/s","https://bnvk.freestat.org:7546/s","https://nmud.pluto3.org:1251/s","https://xgah.penny-karen.com:6230/s","https://kvoh.diltwo.com:8540/s","https://yvxg.title-father.com:5545/s","https://rikd.wealth-arcade.com:6657/s","https://cnvb.wayne-decide.org:10234/s","https://bkei.further-penny.net:7627/s","https://njyf.topcdn.org:4664/s","https://wxet.wayne-decide.org:7404/s","https://sbtf.strictly-penalty.net:3419/s","https://wnsd.common-faced.com:8467/s","https://geoa.angola-charms.org:3654/s","https://kpqv.prior.world:10922/s","https://olpj.common-faced.com:8241/s","https://kdoo.2po.info:2545/s","https://ocuk.diltwo.com:2284/s","https://squk.cultures-facts.org:1227/s","https://ddxx.belts-elvis.net:2331/s","https://qyqm.sought.fun:8819/s","https://ilrr.barriers-rides.net:3741/s","https://qmhq.title-father.com:8996/s","https://dmba.cnt2.net:6230/s","https://nkyy.trips.ooo:6049/s","https://aneb.trlone.com:9594/s","https://xjmg.barriers-rides.net:10479/s","https://wtth.klafive.com:4336/s","https://qcvt.plates-allan.org:10828/s","https://ybsa.bless-charter.net:4808/s","https://icia.rules-tiger.org:2484/s","https://uynb.2po.info:10846/s","https://suho.greece-china.net:1295/s","https://tzaa.thirty-raise.net:6251/s","https://fcxj.condo-forest.net:7367/s","https://ddyz.bless-charter.net:4020/s","https://kzqu.condo-forest.net:2557/s","https://wyts.plates-allan.org:4960/s","https://tugj.klafive.com:4879/s","https://zrpc.cameron-brian.net:5468/s","https://mpbj.condo-forest.net:7718/s","https://kouo.title-father.com:6737/s","https://agzr.sheer-cover.org:1522/s","https://saxi.wayne-decide.org:10540/s","https://qinz.klafive.com:6825/s","https://bhxj.writers-clerk.net:3583/s","https://ctqt.cohen-feelings.org:8581/s","https://eyzn.optics-thing.com:6862/s","https://inmg.worry-knights.net:1470/s","https://zgmp.klafive.com:5154/s","https://avcf.fourqt.com:1266/s","https://cird.column-total.net:1628/s","https://lcrv.cream-regards.net:7003/s","https://neur.pluto3.org:10822/s","https://brho.try9.net:2080/s","https://ryib.dirty-derby.net:8509/s","https://fbqz.sought.fun:1084/s","https://ufde.further-penny.net:4319/s","https://enjs.klafive.com:9890/s","https://jtpd.2po.info:3458/s","https://bffr.wayne-decide.org:7850/s","https://uzrh.cream-regards.net:9338/s","https://nryo.wealth-arcade.com:7691/s","https://mdjj.barriers-rides.net:3882/s","https://fhpg.strictly-penalty.net:6259/s","https://sjob.try9.net:4994/s","https://oglh.greece-china.net:6232/s","https://yiyo.cream-regards.net:8095/s","https://pxmf.rules-tiger.org:9243/s","https://vpur.cultures-facts.org:10735/s","https://fsdh.angola-charms.org:2673/s","https://rsgp.condo-forest.net:5100/s","https://dxny.condo-forest.net:1922/s","https://qafg.korea-injured.com:1535/s","https://fdcm.loads-mariah.com:6819/s","https://unpv.region-housing.net:8994/s","https://bqsu.klafive.com:2721/s","https://uxwd.cameron-brian.net:8523/s","https://rzdc.bless-charter.net:8389/s","https://ssgy.writers-clerk.net:7465/s","https://bwlc.tribal-enjoy.com:7077/s","https://tjwp.cd-n.net:8748/s","https://lwpl.pluto3.org:2438/s","https://wrph.2po.info:9226/s","https://vyib.2po.info:10715/s","https://mwkj.earth-dying.com:10999/s","https://nxqq.gained-berlin.org:4382/s","https://jrbp.sought.fun:7509/s","https://bwuy.tribal-enjoy.com:6707/s","https://epiq.belts-elvis.net:4262/s","https://pkgq.nancy-battery.net:2299/s","https://wbxr.seats-robbie.com:1212/s","https://ecfq.defend-broad.org:3048/s","https://zfhc.enters-simply.net:2682/s","https://qpxe.common-faced.com:10083/s","https://lxit.cameron-brian.net:1567/s","https://yxvq.2po.info:9264/s","https://hlkd.rules-tiger.org:8333/s","https://voja.seats-robbie.com:3758/s","https://pawp.crimes-segment.net:4957/s","https://kyst.armed-beaches.net:8261/s","https://vhft.further-penny.net:5144/s","https://jxnt.sought.fun:5638/s","https://ydmy.nancy-battery.net:4683/s","https://hatp.loads-mariah.com:3041/s","https://dmfh.column-total.net:10412/s","https://yimp.rules-tiger.org:1441/s","https://kphm.thirty-raise.net:5188/s","https://wpxa.thirty-raise.net:9000/s","https://chvd.2po.info:5965/s","https://avbt.defend-broad.org:9587/s","https://uybi.dirty-derby.net:6336/s","https://lsln.cameron-brian.net:3088/s","https://xvse.topcdn.org:6626/s","https://lhdn.wealth-arcade.com:4642/s","https://znia.trlone.com:6073/s","https://gigf.cameron-brian.net:4251/s","https://zgtn.trips.ooo:5120/s","https://yfgj.prior.world:9852/s","https://gscj.cd-n.net:9275/s","https://ekso.articles-subtle.net:6220/s","https://xtlx.rules-tiger.org:4812/s","https://rjqd.gained-berlin.org:8505/s","https://rftf.nancy-battery.net:9414/s","https://sghl.articles-subtle.net:1881/s","https://uswv.condo-forest.net:1238/s","https://vwlg.plates-allan.org:9335/s","https://irou.prior.world:7372/s","https://brcn.medical-appeal.net:8562/s","https://bgqt.common-faced.com:8404/s","https://gjpk.defend-broad.org:8511/s","https://lkle.worry-knights.net:5162/s","https://ouza.title-father.com:7009/s","https://wfvo.loads-mariah.com:10048/s","https://kupr.tribal-enjoy.com:3247/s","https://cunb.rules-tiger.org:1349/s","https://gicj.gained-berlin.org:6836/s","https://jdgv.prior.world:1516/s","https://fwse.thirty-raise.net:2363/s","https://qrsz.greece-china.net:5751/s","https://kfqe.sheer-cover.org:3882/s","https://hvcx.strictly-penalty.net:2106/s","https://lpna.further-penny.net:8435/s","https://dkbf.worry-knights.net:10031/s","https://jhxp.plates-allan.org:6254/s","https://xwyv.freedom-digit.org:5661/s","https://dqmi.cameron-brian.net:7474/s","https://ywcn.enters-simply.net:7965/s","https://vxyx.cultures-facts.org:6178/s","https://nurk.pluto3.org:9749/s","https://kkat.pluto3.org:1377/s","https://aywm.angola-charms.org:4356/s","https://nxyj.condo-forest.net:10491/s","https://gfet.earth-dying.com:9153/s","https://nxzy.crimes-segment.net:1616/s","https://mhxc.tracks.fun:2476/s","https://znly.rules-tiger.org:1147/s","https://xcsr.cameron-brian.net:10613/s","https://xypp.trips.ooo:6054/s","https://spnx.region-housing.net:10271/s","https://celf.condo-forest.net:9724/s","https://rpwl.condo-forest.net:5742/s","https://wkby.bless-charter.net:5373/s","https://jfae.trips.ooo:1527/s","https://wvcc.freestat.org:2000/s","https://dypc.region-housing.net:1438/s","https://hfhi.cultures-facts.org:8810/s","https://pozc.earth-dying.com:3685/s","https://ckyh.barriers-rides.net:9649/s","https://bnib.dirty-derby.net:3118/s","https://jfyb.klafive.com:4502/s","https://dpno.cream-regards.net:1316/s","https://dajz.greece-china.net:9425/s","https://xurn.nancy-battery.net:8283/s","https://gzfr.nancy-battery.net:3379/s","https://zyns.title-father.com:8344/s","https://bran.optics-thing.com:7572/s","https://xkxz.prior.world:7380/s","https://iduc.crimes-segment.net:10497/s","https://fshl.tracks.fun:1194/s","https://rgzj.medical-appeal.net:8634/s","https://ywxg.writers-clerk.net:6996/s","https://vrww.sought.fun:8283/s","https://itdi.klafive.com:3803/s","https://tmty.column-total.net:10730/s","https://gcjo.region-housing.net:10283/s","https://pkzn.prior.world:4077/s","https://fuxu.greece-china.net:5277/s","https://mhoh.sheer-cover.org:7181/s","https://zwqp.belts-elvis.net:1598/s","https://ntwi.enters-simply.net:4199/s","https://mxhk.penny-karen.com:2897/s","https://qgtv.klafive.com:6473/s","https://qhzq.armed-beaches.net:10837/s","https://zgtz.gained-berlin.org:3122/s","https://daqg.writers-clerk.net:6655/s","https://cwsc.defend-broad.org:2750/s","https://pbym.articles-subtle.net:9661/s","https://esyh.angola-charms.org:9486/s","https://dzhd.writers-clerk.net:4628/s","https://bhcj.klafive.com:9285/s","https://ficq.tracks.fun:10863/s","https://rrxr.hopcdn.com:2362/s","https://xzlo.articles-subtle.net:6311/s","https://afzz.try9.net:2101/s","https://onhb.thirty-raise.net:3309/s","https://efhk.fourqt.com:3610/s","https://ybia.armed-beaches.net:1716/s","https://yqne.column-total.net:3454/s","https://mukf.fourqt.com:2889/s","https://gzqa.diltwo.com:9341/s","https://wdax.belts-elvis.net:4659/s","https://cxgh.column-total.net:6023/s","https://ujcb.cnt2.net:6854/s","https://tqir.nancy-battery.net:2378/s","https://gwdw.articles-subtle.net:2788/s","https://sfye.freedom-digit.org:5419/s","https://mnuf.cameron-brian.net:7974/s","https://jxdb.condo-forest.net:5174/s","https://zmrt.gained-berlin.org:10888/s","https://gwyq.greece-china.net:5878/s","https://ppzy.prior.world:9643/s","https://qybp.cream-regards.net:7519/s","https://dzzk.enters-simply.net:4842/s","https://lqyd.penny-karen.com:4133/s","https://fpdo.loads-mariah.com:3196/s","https://spkc.nancy-battery.net:3381/s","https://ksfu.cameron-brian.net:9655/s","https://dkxz.topcdn.org:10704/s","https://cofi.cd-n.net:6662/s","https://rbbd.klafive.com:1294/s","https://bzyy.defend-broad.org:7438/s","https://mmvj.sheep-managing.org:2183/s","https://vpgg.title-father.com:1706/s","https://vvqf.hopcdn.com:1858/s","https://xjzj.klafive.com:8064/s","https://ackn.strictly-penalty.net:6547/s","https://tjfn.nancy-battery.net:4298/s","https://hbdc.freestat.org:1804/s","https://cttm.common-faced.com:7998/s","https://bgkw.defend-broad.org:10419/s","https://zvfx.cameron-brian.net:6725/s","https://ttzg.bless-charter.net:8529/s","https://rfwx.condo-forest.net:2030/s","https://svjf.bless-charter.net:5998/s","https://johe.common-faced.com:7621/s","https://jkdl.freestat.org:3194/s","https://xsda.strictly-penalty.net:3418/s","https://ilyo.penny-karen.com:5537/s","https://staj.further-penny.net:10388/s","https://sevp.diltwo.com:1937/s","https://zlvf.fourqt.com:2753/s","https://bqcn.freedom-digit.org:3897/s","https://cabr.penny-karen.com:2287/s","https://tljw.further-penny.net:3324/s","https://ccvd.worry-knights.net:2079/s","https://gjms.tracks.fun:5608/s","https://iyls.loads-mariah.com:10724/s","https://vctg.freestat.org:8573/s","https://dyzx.freedom-digit.org:7349/s","https://jkas.common-faced.com:2870/s","https://zohj.korea-injured.com:1467/s","https://bmbt.cohen-feelings.org:1293/s","https://gypl.trlone.com:10494/s","https://phno.pluto3.org:7649/s","https://nzzb.sheer-cover.org:6013/s","https://sxvi.plates-allan.org:2870/s","https://szcg.worry-knights.net:5721/s","https://ccmq.region-housing.net:5965/s","https://kyrw.common-faced.com:3055/s","https://pddr.region-housing.net:7806/s","https://rhya.cnt2.net:5337/s","https://slyo.barriers-rides.net:2028/s","https://ylml.cd-n.net:8203/s","https://whxu.medical-appeal.net:3266/s","https://xbcn.dirty-derby.net:8412/s","https://dmrp.title-father.com:10037/s","https://sroo.sheer-cover.org:2924/s","https://iynj.cd-n.net:7094/s","https://gwmx.trlone.com:10169/s","https://aosz.cnt2.net:1922/s","https://wuoi.thirty-raise.net:1952/s","https://wrpg.prior.world:1991/s","https://tuso.penny-karen.com:1664/s","https://nbep.greece-china.net:3035/s","https://iypa.further-penny.net:1906/s","https://qrhr.earth-dying.com:1933/s","https://wyfl.region-housing.net:7715/s","https://xowz.trlone.com:6282/s","https://wwst.wealth-arcade.com:10684/s","https://aisw.trlone.com:5314/s","https://tzbm.sheer-cover.org:7182/s","https://mizs.defend-broad.org:9679/s","https://eecy.further-penny.net:3733/s","https://qgto.klafive.com:3811/s","https://niqx.loads-mariah.com:6834/s","https://tkcg.defend-broad.org:10519/s","https://mqae.medical-appeal.net:10755/s","https://vdxi.cameron-brian.net:4119/s","https://plog.penny-karen.com:10923/s","https://uwob.rules-tiger.org:5097/s","https://hqut.cnt2.net:7686/s","https://csnd.cream-regards.net:6435/s","https://blsd.freedom-digit.org:2417/s","https://puaw.korea-injured.com:5914/s","https://roul.trlone.com:7069/s","https://lhen.klafive.com:4768/s","https://wjml.angola-charms.org:2660/s","https://rmey.armed-beaches.net:1285/s","https://tllx.korea-injured.com:10802/s","https://utxt.defend-broad.org:10746/s","https://lcjb.armed-beaches.net:7734/s","https://vsww.common-faced.com:6815/s","https://rqbz.bless-charter.net:9229/s","https://ovsv.belts-elvis.net:5897/s","https://jhax.cd-n.net:6407/s","https://zbib.pluto3.org:6028/s","https://rifz.further-penny.net:8056/s","https://mric.prior.world:6174/s","https://tlhh.penny-karen.com:3419/s","https://gsav.worry-knights.net:4013/s","https://sbdi.2po.info:10465/s","https://qnpc.try9.net:10459/s","https://dnrr.penny-karen.com:1745/s","https://cxdd.korea-injured.com:5024/s","https://bcud.belts-elvis.net:9898/s","https://icug.medical-appeal.net:1327/s","https://jjqq.greece-china.net:9611/s","https://dren.wayne-decide.org:3891/s","https://zyzl.try9.net:8770/s","https://ayfl.worry-knights.net:4832/s","https://aszw.freestat.org:9718/s","https://wknt.wayne-decide.org:7070/s","https://rllm.try9.net:6149/s","https://tmhq.condo-forest.net:3599/s","https://uzek.try9.net:8281/s","https://nkuo.barriers-rides.net:1665/s","https://jdmr.klafive.com:3860/s","https://qwvf.optics-thing.com:1830/s","https://flqs.rules-tiger.org:2992/s","https://vozz.dirty-derby.net:10630/s","https://ygjk.barriers-rides.net:1252/s","https://cwpj.sheep-managing.org:10505/s","https://bkvy.sheep-managing.org:9635/s","https://lona.trips.ooo:10900/s","https://aiqx.cameron-brian.net:2560/s","https://uaef.armed-beaches.net:3731/s","https://rryh.seats-robbie.com:9082/s","https://marp.belts-elvis.net:1582/s","https://jixm.diltwo.com:3454/s","https://rpqt.korea-injured.com:6210/s","https://cdme.greece-china.net:10544/s","https://wvvz.common-faced.com:10683/s","https://pgaz.region-housing.net:2231/s","https://hkvl.try9.net:2080/s","https://rvgk.articles-subtle.net:7281/s","https://snck.freestat.org:3944/s","https://agwr.gained-berlin.org:10176/s","https://umzk.region-housing.net:7230/s","https://wznn.cohen-feelings.org:7888/s","https://yqso.sheep-managing.org:3469/s","https://vvuz.hopcdn.com:1922/s","https://yqxb.rules-tiger.org:7721/s","https://oesi.bless-charter.net:9253/s","https://xkte.cohen-feelings.org:2211/s","https://khbp.barriers-rides.net:9869/s","https://zvnj.cohen-feelings.org:6186/s","https://vbtt.cohen-feelings.org:8935/s","https://hvkn.wealth-arcade.com:1241/s","https://zryk.armed-beaches.net:1523/s","https://zfhh.writers-clerk.net:3724/s","https://bnpx.loads-mariah.com:3756/s","https://gaof.tribal-enjoy.com:1831/s","https://kppk.hopcdn.com:3647/s","https://shnu.armed-beaches.net:7581/s","https://xleg.earth-dying.com:4404/s","https://bzgn.strictly-penalty.net:6682/s","https://yprd.gained-berlin.org:3186/s","https://lwhe.bless-charter.net:3890/s","https://pyjj.seats-robbie.com:8046/s","https://eggc.cohen-feelings.org:5802/s","https://cbsx.plates-allan.org:8747/s","https://hzyn.defend-broad.org:5494/s","https://jnwc.condo-forest.net:3471/s","https://robk.cohen-feelings.org:10410/s","https://tyeq.cohen-feelings.org:10046/s","https://xjdu.topcdn.org:9613/s","https://pwsv.topcdn.org:9900/s","https://ivjv.cd-n.net:2307/s","https://fybu.freestat.org:4582/s","https://ormf.tracks.fun:3743/s","https://nikk.plates-allan.org:9902/s","https://oeqd.greece-china.net:9159/s","https://uuhb.worry-knights.net:7595/s","https://wahf.articles-subtle.net:3033/s","https://fxcc.nancy-battery.net:5507/s","https://oxyf.sought.fun:10252/s","https://ljrr.pluto3.org:10472/s","https://vzby.region-housing.net:10598/s","https://cwar.try9.net:10287/s","https://sdff.plates-allan.org:5768/s","https://knxf.title-father.com:5921/s","https://grpe.strictly-penalty.net:1997/s","https://ssmv.try9.net:2661/s","https://kqme.freedom-digit.org:5545/s","https://uhhr.klafive.com:5160/s","https://jsfr.diltwo.com:8123/s","https://wkxe.condo-forest.net:3601/s","https://yqtt.tracks.fun:7023/s","https://lmhc.barriers-rides.net:1408/s","https://zdng.cameron-brian.net:9388/s","https://fxlv.belts-elvis.net:3388/s","https://cbdr.column-total.net:1108/s","https://sorj.angola-charms.org:8168/s","https://hjpm.cnt2.net:3612/s","https://kcqn.medical-appeal.net:6076/s","https://azqe.cd-n.net:9055/s","https://gtjy.nancy-battery.net:4349/s","https://iwrv.enters-simply.net:1954/s","https://dcsy.earth-dying.com:8231/s","https://ybwe.wealth-arcade.com:10908/s","https://zzst.crimes-segment.net:4857/s","https://fgqu.freedom-digit.org:4511/s","https://qdns.column-total.net:2160/s","https://xnqo.sheep-managing.org:3723/s","https://ipit.loads-mariah.com:3515/s","https://pupl.hopcdn.com:7906/s","https://ygxo.crimes-segment.net:3524/s","https://uhlj.sheer-cover.org:6258/s","https://lrzf.writers-clerk.net:6897/s","https://yucz.rules-tiger.org:9867/s","https://lyln.cameron-brian.net:6164/s","https://vlax.plates-allan.org:10125/s","https://fvur.tribal-enjoy.com:8018/s","https://ycjv.wealth-arcade.com:8186/s","https://uzzg.column-total.net:3911/s","https://ekkb.further-penny.net:8379/s","https://jlsb.belts-elvis.net:1118/s","https://ghom.freestat.org:8248/s","https://vgxb.further-penny.net:2243/s","https://efjz.optics-thing.com:8965/s","https://papb.barriers-rides.net:9106/s","https://csmm.writers-clerk.net:3506/s","https://vwoe.tribal-enjoy.com:2662/s","https://pobn.korea-injured.com:2569/s","https://oasp.worry-knights.net:1741/s","https://kett.fourqt.com:2315/s","https://cxls.tribal-enjoy.com:4393/s","https://rron.angola-charms.org:7110/s","https://xhcp.pluto3.org:1119/s","https://qads.cultures-facts.org:1234/s","https://qpen.barriers-rides.net:2999/s","https://fwqy.belts-elvis.net:8505/s","https://vgju.title-father.com:5711/s","https://otax.bless-charter.net:10243/s","https://lcvb.sheer-cover.org:10641/s","https://tqlk.thirty-raise.net:10629/s","https://cxkj.column-total.net:6343/s","https://byvz.korea-injured.com:5659/s","https://yzmi.fourqt.com:6268/s","https://vcey.sought.fun:1903/s","https://ujha.korea-injured.com:5709/s","https://hzvp.cream-regards.net:2826/s","https://mgpk.further-penny.net:8500/s","https://mxfg.cnt2.net:9828/s","https://dqif.common-faced.com:5447/s","https://keke.condo-forest.net:8548/s","https://fvwn.klafive.com:8068/s","https://egzw.further-penny.net:8932/s","https://jjvb.title-father.com:3794/s","https://pxqv.trlone.com:8707/s","https://rlic.freestat.org:1714/s","https://xqsv.angola-charms.org:5607/s","https://nsuo.common-faced.com:6659/s","https://dtqb.cnt2.net:2427/s","https://pfkv.topcdn.org:2141/s","https://hzlk.cnt2.net:10596/s","https://nfdg.articles-subtle.net:3191/s","https://brbz.angola-charms.org:2602/s","https://qgas.belts-elvis.net:3166/s","https://krtv.cohen-feelings.org:8667/s","https://ylrh.column-total.net:6548/s","https://ajic.gained-berlin.org:10702/s","https://yoee.rules-tiger.org:2498/s","https://fvgx.cohen-feelings.org:1224/s","https://ddnv.penny-karen.com:3403/s","https://sjeo.trlone.com:10848/s","https://oxih.thirty-raise.net:9948/s","https://pydd.cream-regards.net:10520/s","https://bsxm.earth-dying.com:8014/s","https://kyjd.rules-tiger.org:8102/s","https://kbkg.angola-charms.org:8530/s","https://tqdh.angola-charms.org:9615/s","https://weie.freedom-digit.org:1929/s","https://rial.earth-dying.com:10970/s","https://zyrq.klafive.com:5388/s","https://uxge.2po.info:8421/s","https://mpbm.sheer-cover.org:4355/s","https://exut.trips.ooo:8042/s","https://zfag.title-father.com:6427/s","https://pmwl.cnt2.net:2287/s","https://uyyj.region-housing.net:2419/s","https://blqm.bless-charter.net:3064/s","https://upmg.wayne-decide.org:2164/s","https://vblq.try9.net:9543/s","https://vfwo.strictly-penalty.net:8843/s","https://kqwh.seats-robbie.com:3064/s","https://gplz.freedom-digit.org:8689/s","https://fsom.plates-allan.org:2413/s","https://qslx.rules-tiger.org:7964/s","https://puel.column-total.net:1266/s","https://rdxd.korea-injured.com:4585/s","https://moir.column-total.net:4151/s","https://rfgb.medical-appeal.net:2648/s","https://meqv.rules-tiger.org:1332/s","https://rxlk.plates-allan.org:6280/s","https://fpbp.wayne-decide.org:9958/s","https://hrqy.barriers-rides.net:2039/s","https://ejld.tracks.fun:4401/s","https://ifux.klafive.com:3977/s","https://rgqz.rules-tiger.org:3008/s","https://qylj.pluto3.org:5025/s","https://oavw.fourqt.com:9815/s","https://obqk.freedom-digit.org:8032/s","https://tfum.fourqt.com:6831/s","https://apye.sheep-managing.org:5189/s","https://hymo.armed-beaches.net:8476/s","https://eqoa.korea-injured.com:1847/s","https://cjli.sought.fun:6129/s","https://flrn.barriers-rides.net:2733/s","https://yofk.trips.ooo:1270/s","https://jrkv.cream-regards.net:3770/s","https://scar.loads-mariah.com:10423/s","https://jvhm.2po.info:10715/s","https://evck.diltwo.com:6256/s","https://aniu.common-faced.com:2905/s","https://qwcf.medical-appeal.net:7880/s","https://lwxj.optics-thing.com:2849/s","https://xdeq.medical-appeal.net:2843/s","https://rlog.common-faced.com:7140/s","https://fwxr.freestat.org:10164/s","https://rmxq.condo-forest.net:5187/s","https://xzfi.nancy-battery.net:8826/s","https://drav.wayne-decide.org:5414/s","https://scwx.defend-broad.org:8877/s","https://mupe.column-total.net:1609/s","https://femw.diltwo.com:1076/s","https://vetm.greece-china.net:6276/s","https://qipf.try9.net:2332/s","https://wljf.condo-forest.net:6123/s","https://wxoq.seats-robbie.com:8055/s","https://amty.cultures-facts.org:2314/s","https://xipb.worry-knights.net:1311/s","https://lmgf.diltwo.com:4453/s","https://vtfy.prior.world:2497/s","https://jxhq.nancy-battery.net:3891/s","https://swtp.enters-simply.net:3169/s","https://qzoi.fourqt.com:5256/s","https://zgss.sheer-cover.org:5583/s","https://tnkc.loads-mariah.com:7000/s","https://gwlh.wealth-arcade.com:9905/s","https://iudb.gained-berlin.org:2141/s","https://jcwp.plates-allan.org:7768/s","https://prdj.crimes-segment.net:1593/s","https://nqyd.optics-thing.com:5980/s","https://rrsr.barriers-rides.net:5098/s","https://vkom.title-father.com:2470/s","https://psxx.enters-simply.net:10438/s","https://ajmz.tracks.fun:10167/s","https://ekbr.thirty-raise.net:1686/s","https://cqwj.wealth-arcade.com:2990/s","https://bxvc.cream-regards.net:2728/s","https://zuyn.greece-china.net:3949/s","https://pvlg.thirty-raise.net:5013/s","https://djho.optics-thing.com:5087/s","https://ajlk.freestat.org:6885/s","https://lzhl.fourqt.com:9147/s","https://cghc.pluto3.org:3841/s","https://lbaj.medical-appeal.net:9748/s","https://ddqp.penny-karen.com:4210/s","https://oqwz.2po.info:4689/s","https://rpvh.title-father.com:5432/s","https://tanj.wayne-decide.org:9773/s","https://eclu.sheer-cover.org:2214/s","https://jekw.2po.info:10585/s","https://fboz.condo-forest.net:1087/s","https://nool.enters-simply.net:6182/s","https://xadq.cream-regards.net:9598/s","https://msgg.plates-allan.org:8355/s","https://lmzb.rules-tiger.org:1410/s","https://viep.tribal-enjoy.com:8035/s","https://utvc.nancy-battery.net:2911/s","https://ohsn.cd-n.net:9874/s","https://quap.cd-n.net:5803/s","https://jzbv.try9.net:7096/s","https://suwi.common-faced.com:4448/s","https://hfbc.trlone.com:2939/s","https://jowp.korea-injured.com:6292/s","https://rnbr.hopcdn.com:6602/s","https://mskd.title-father.com:6464/s","https://ooma.trips.ooo:4082/s","https://qizk.korea-injured.com:1954/s","https://cxby.bless-charter.net:1833/s","https://aegn.worry-knights.net:9918/s","https://yjxk.common-faced.com:6241/s","https://oryw.sought.fun:5307/s","https://aupv.freestat.org:2470/s","https://rmay.cultures-facts.org:3613/s","https://rvjo.sheer-cover.org:7266/s","https://obsh.defend-broad.org:3422/s","https://gguj.crimes-segment.net:3199/s","https://kolu.armed-beaches.net:7236/s","https://mmbw.cnt2.net:2476/s","https://cdqh.further-penny.net:1117/s","https://pxvf.articles-subtle.net:1456/s","https://uekd.articles-subtle.net:10670/s","https://xegr.freedom-digit.org:9741/s","https://kugs.seats-robbie.com:4824/s","https://hxlk.seats-robbie.com:7237/s","https://gboi.condo-forest.net:8311/s","https://acrv.fourqt.com:3071/s","https://rvwe.further-penny.net:3997/s","https://ulvt.worry-knights.net:7830/s","https://zvjs.cameron-brian.net:4729/s","https://hdmj.worry-knights.net:10746/s","https://yjmr.wealth-arcade.com:7240/s","https://tedv.further-penny.net:3317/s","https://hyyw.trips.ooo:6805/s","https://ikuw.defend-broad.org:2242/s","https://qjwu.gained-berlin.org:7402/s","https://bclb.cream-regards.net:6095/s","https://rtbu.dirty-derby.net:5389/s","https://qocu.klafive.com:7907/s","https://htvm.condo-forest.net:5215/s","https://pwex.cultures-facts.org:10842/s","https://mwui.topcdn.org:2642/s","https://fban.wayne-decide.org:4425/s","https://mule.strictly-penalty.net:8804/s","https://rzqo.condo-forest.net:5971/s","https://klmd.angola-charms.org:9671/s","https://doei.region-housing.net:8154/s","https://rphj.diltwo.com:5771/s","https://shqt.pluto3.org:8760/s","https://qasq.strictly-penalty.net:2211/s","https://yknc.armed-beaches.net:2893/s","https://ayql.plates-allan.org:2916/s","https://waqo.enters-simply.net:2916/s","https://tdxu.cd-n.net:3251/s","https://ipvv.topcdn.org:4991/s","https://pmqg.optics-thing.com:1275/s","https://qzfu.2po.info:7913/s","https://bucz.topcdn.org:10394/s","https://quba.worry-knights.net:6985/s","https://xdgc.tribal-enjoy.com:10306/s","https://inip.cultures-facts.org:9683/s","https://spih.freedom-digit.org:7538/s","https://hbfd.cohen-feelings.org:1908/s","https://pzae.barriers-rides.net:4207/s","https://ergi.title-father.com:1779/s","https://skzs.tracks.fun:3397/s","https://uvin.trips.ooo:6834/s","https://hpio.writers-clerk.net:2809/s","https://hhxm.earth-dying.com:9505/s","https://iapj.enters-simply.net:1581/s","https://roer.articles-subtle.net:3578/s","https://meir.common-faced.com:1117/s","https://jrhn.articles-subtle.net:10868/s","https://zdux.cohen-feelings.org:10675/s","https://bsrs.sheer-cover.org:2161/s","https://yssp.korea-injured.com:5757/s","https://vgbs.angola-charms.org:7156/s","https://vrrr.gained-berlin.org:10005/s","https://uhse.nancy-battery.net:10528/s","https://qkyt.column-total.net:5320/s","https://vaaq.sheep-managing.org:4027/s","https://frkd.column-total.net:8742/s","https://ofxz.optics-thing.com:7596/s","https://ttxs.bless-charter.net:10927/s","https://oquw.cnt2.net:4615/s","https://jqoe.pluto3.org:2183/s","https://zipj.title-father.com:3165/s","https://elba.armed-beaches.net:10162/s","https://msgd.trlone.com:7121/s","https://gisn.prior.world:3409/s","https://xkfd.wealth-arcade.com:6913/s","https://itih.tracks.fun:3388/s","https://mesi.topcdn.org:1081/s","https://xmvb.prior.world:5209/s","https://jioh.sheep-managing.org:4435/s","https://uvsp.strictly-penalty.net:8734/s","https://niqr.angola-charms.org:6107/s","https://gjyp.try9.net:4426/s","https://wpqy.angola-charms.org:7622/s","https://fqws.trlone.com:10799/s","https://ghbf.freestat.org:8884/s","https://oyvq.strictly-penalty.net:8379/s","https://nrci.greece-china.net:5293/s","https://eojx.enters-simply.net:3873/s","https://sqrg.medical-appeal.net:9556/s","https://vdtn.angola-charms.org:3166/s","https://icsj.penny-karen.com:2178/s","https://fngf.loads-mariah.com:5143/s","https://xkee.sheep-managing.org:5500/s","https://btlk.belts-elvis.net:6021/s","https://zcvn.cultures-facts.org:2650/s","https://vbvk.sought.fun:4092/s","https://jimj.penny-karen.com:2109/s","https://vgsi.title-father.com:10601/s","https://kvla.thirty-raise.net:4718/s","https://ahao.2po.info:4585/s","https://rvfb.loads-mariah.com:3490/s","https://qoqg.loads-mariah.com:7081/s","https://ccwe.thirty-raise.net:1174/s","https://urmb.articles-subtle.net:7407/s","https://nqan.hopcdn.com:5607/s","https://tsvp.medical-appeal.net:3185/s","https://gwuw.strictly-penalty.net:8788/s","https://mgez.thirty-raise.net:5112/s","https://jzsp.further-penny.net:9343/s","https://ealu.cohen-feelings.org:3202/s","https://loeg.diltwo.com:1727/s","https://hcxt.freedom-digit.org:9160/s","https://nnal.armed-beaches.net:1962/s","https://fzmx.enters-simply.net:5458/s","https://ujdo.nancy-battery.net:5221/s","https://fmjl.freestat.org:1150/s","https://mwni.writers-clerk.net:8790/s","https://vbij.articles-subtle.net:8864/s","https://weur.2po.info:10854/s","https://jqhx.pluto3.org:10542/s","https://qtyz.writers-clerk.net:9557/s","https://duax.thirty-raise.net:5549/s","https://wwmx.thirty-raise.net:9503/s","https://yogs.korea-injured.com:1754/s","https://gzdy.pluto3.org:4897/s","https://tuuc.prior.world:9919/s","https://amkc.bless-charter.net:1501/s","https://asaa.gained-berlin.org:10115/s","https://isjs.defend-broad.org:4980/s","https://jcap.wayne-decide.org:7602/s","https://stgk.armed-beaches.net:3464/s","https://utwu.strictly-penalty.net:2708/s","https://soez.loads-mariah.com:4781/s","https://qlqs.belts-elvis.net:3713/s","https://tycd.condo-forest.net:8361/s","https://pyvx.barriers-rides.net:2955/s","https://xheo.cd-n.net:3710/s","https://jzdu.tracks.fun:3305/s","https://qztb.articles-subtle.net:10709/s","https://mlvv.freestat.org:4244/s","https://bsev.common-faced.com:6082/s","https://etom.try9.net:1159/s","https://fkjr.worry-knights.net:4869/s","https://gicv.penny-karen.com:9685/s","https://zwuc.trlone.com:9646/s","https://ofmb.seats-robbie.com:9479/s","https://zwha.common-faced.com:2494/s","https://chak.writers-clerk.net:7795/s","https://naqk.penny-karen.com:7820/s","https://thfi.defend-broad.org:1683/s","https://rqqn.condo-forest.net:1783/s","https://ybik.greece-china.net:2941/s","https://gixs.greece-china.net:2968/s","https://ngoc.writers-clerk.net:4968/s","https://mcfx.loads-mariah.com:4933/s","https://wumh.condo-forest.net:4200/s","https://rwgm.try9.net:10678/s","https://lbuy.bless-charter.net:4871/s","https://vwfq.cream-regards.net:10350/s","https://dvpi.diltwo.com:6056/s","https://yqzj.cameron-brian.net:6702/s","https://awlv.cohen-feelings.org:2006/s","https://ddrr.fourqt.com:9926/s","https://kdfd.articles-subtle.net:7744/s","https://ffmt.cd-n.net:6104/s","https://jxoi.optics-thing.com:2722/s","https://xhjl.gained-berlin.org:3308/s","https://jmqk.tribal-enjoy.com:4693/s","https://bttc.nancy-battery.net:1823/s","https://zpaq.korea-injured.com:6931/s","https://oswz.fourqt.com:5881/s","https://iynf.thirty-raise.net:8603/s","https://ydna.prior.world:4069/s","https://bqku.medical-appeal.net:7318/s","https://pnbw.worry-knights.net:3034/s","https://zves.medical-appeal.net:6605/s","https://rbok.prior.world:5444/s","https://wtej.rules-tiger.org:9467/s","https://avhv.thirty-raise.net:9084/s","https://wncc.thirty-raise.net:3164/s","https://lfqk.further-penny.net:9601/s","https://hykg.plates-allan.org:2348/s","https://xakh.greece-china.net:7270/s","https://pfqk.common-faced.com:5349/s","https://rwzu.tracks.fun:8725/s","https://jhtf.korea-injured.com:1384/s","https://nzhe.wayne-decide.org:8142/s","https://istn.fourqt.com:10281/s","https://ptxu.greece-china.net:6711/s","https://mifk.try9.net:4866/s","https://qlrn.medical-appeal.net:1357/s","https://bpaq.diltwo.com:4834/s","https://tuqx.rules-tiger.org:5616/s","https://jrko.earth-dying.com:11009/s","https://vyiz.earth-dying.com:8243/s","https://emtu.wealth-arcade.com:2082/s","https://mfwt.freestat.org:6625/s","https://xpjr.klafive.com:2972/s","https://suhc.2po.info:6181/s","https://lzjo.prior.world:4935/s","https://gvef.armed-beaches.net:4665/s","https://wutk.crimes-segment.net:1332/s","https://ahwd.topcdn.org:8459/s","https://wwvv.tracks.fun:3586/s","https://wnvm.rules-tiger.org:8903/s","https://fvvz.barriers-rides.net:4291/s","https://gyhw.cohen-feelings.org:8363/s","https://hpix.rules-tiger.org:4038/s","https://pxzg.nancy-battery.net:2286/s","https://sbtk.articles-subtle.net:9582/s","https://ngog.loads-mariah.com:10690/s","https://yusu.cream-regards.net:6123/s","https://slfa.2po.info:3841/s","https://nrva.thirty-raise.net:3101/s","https://cjrd.tracks.fun:1531/s","https://unuu.klafive.com:10115/s","https://llmb.wealth-arcade.com:2288/s","https://nnrp.further-penny.net:2810/s","https://dbsv.wealth-arcade.com:2028/s","https://pgld.cd-n.net:3187/s","https://hcbn.korea-injured.com:5332/s","https://iico.freestat.org:5179/s","https://wqbb.korea-injured.com:7458/s","https://ynlg.medical-appeal.net:3371/s","https://ahkh.topcdn.org:8171/s","https://fypp.worry-knights.net:9562/s","https://ahgk.sheep-managing.org:3790/s","https://ckcw.title-father.com:8835/s","https://jpyj.earth-dying.com:1403/s","https://wooi.freedom-digit.org:1259/s","https://gmne.trlone.com:6291/s","https://fcrj.region-housing.net:1026/s","https://qjwx.nancy-battery.net:3555/s","https://owgy.writers-clerk.net:2226/s","https://xsqh.gained-berlin.org:3050/s","https://cjks.diltwo.com:7918/s","https://ppxb.seats-robbie.com:6109/s","https://ubpf.diltwo.com:4413/s","https://royw.cohen-feelings.org:2063/s","https://uyxv.topcdn.org:1933/s","https://hean.2po.info:8930/s","https://fgtu.strictly-penalty.net:10450/s","https://blrt.wayne-decide.org:7780/s","https://mdsc.hopcdn.com:3251/s","https://mkox.wealth-arcade.com:7009/s","https://gxex.sheep-managing.org:1287/s","https://hzpz.condo-forest.net:10566/s","https://isip.sought.fun:1601/s","https://edwa.angola-charms.org:1197/s","https://gfju.try9.net:9806/s","https://sckf.cohen-feelings.org:10832/s","https://kfug.topcdn.org:7261/s","https://dubv.cohen-feelings.org:5766/s","https://iwjn.enters-simply.net:3747/s","https://nlla.region-housing.net:6039/s","https://zcrj.prior.world:1925/s","https://qfhl.plates-allan.org:3260/s","https://dtqd.worry-knights.net:9327/s","https://bsno.title-father.com:3090/s","https://ocjf.barriers-rides.net:6998/s","https://dori.tribal-enjoy.com:4035/s","https://pgue.fourqt.com:3393/s","https://wcrg.plates-allan.org:8339/s","https://tkbc.trips.ooo:9521/s","https://eooa.enters-simply.net:7443/s","https://oajj.belts-elvis.net:3165/s","https://yfwr.further-penny.net:8635/s","https://yxnl.penny-karen.com:7445/s","https://cfpp.sought.fun:10700/s","https://gmiy.cnt2.net:1815/s","https://cmgb.cream-regards.net:2087/s","https://hiep.enters-simply.net:2145/s","https://xkpw.wayne-decide.org:2599/s","https://qtfg.cd-n.net:1569/s","https://zlux.penny-karen.com:1150/s","https://yfrt.strictly-penalty.net:8149/s","https://tjtt.loads-mariah.com:3555/s","https://ucbr.bless-charter.net:8917/s","https://bsxc.klafive.com:5636/s","https://qfbe.angola-charms.org:1870/s","https://nhpr.fourqt.com:1669/s","https://ydpf.cameron-brian.net:10052/s","https://ilsm.freedom-digit.org:1505/s","https://teru.plates-allan.org:4376/s","https://dggn.further-penny.net:2688/s","https://fydq.fourqt.com:9481/s","https://wbzz.cd-n.net:8535/s","https://wcvy.sheer-cover.org:2014/s","https://eivq.cameron-brian.net:10657/s","https://ufkt.cohen-feelings.org:8703/s","https://zguv.cd-n.net:6388/s","https://vgvd.rules-tiger.org:9137/s","https://ykst.cohen-feelings.org:3658/s","https://ouyb.topcdn.org:2304/s","https://kjqu.medical-appeal.net:10345/s","https://wlvj.diltwo.com:6245/s","https://ixnf.wayne-decide.org:6504/s","https://loyg.cream-regards.net:5822/s","https://evyl.topcdn.org:5269/s","https://plcd.diltwo.com:3486/s","https://qxbv.loads-mariah.com:9495/s","https://vzvu.crimes-segment.net:9125/s","https://jjmx.medical-appeal.net:4838/s","https://jzza.korea-injured.com:9060/s","https://vvxy.tracks.fun:8530/s","https://zftr.tribal-enjoy.com:7288/s","https://jawx.pluto3.org:10505/s","https://wdil.freestat.org:5166/s","https://cizj.wayne-decide.org:10991/s","https://hocb.cd-n.net:1214/s","https://bkww.wealth-arcade.com:2297/s","https://nadu.penny-karen.com:3627/s","https://jwtl.freedom-digit.org:9265/s","https://uiim.hopcdn.com:1515/s","https://swon.loads-mariah.com:5460/s","https://clvw.cameron-brian.net:2030/s","https://rksm.cohen-feelings.org:4333/s","https://qsaw.enters-simply.net:9872/s","https://kkvk.angola-charms.org:4343/s","https://gurn.cameron-brian.net:5833/s","https://kpyg.medical-appeal.net:1143/s","https://jiyw.tracks.fun:3095/s","https://cqvy.region-housing.net:10515/s","https://ehzu.sheep-managing.org:1540/s","https://wkpx.tracks.fun:5536/s","https://pbno.nancy-battery.net:4132/s","https://ijqr.try9.net:10909/s","https://onnd.korea-injured.com:2462/s","https://wivk.earth-dying.com:3075/s","https://qwyn.further-penny.net:2708/s","https://yahw.crimes-segment.net:2460/s","https://waqk.armed-beaches.net:2519/s","https://gsvo.belts-elvis.net:3423/s","https://xpbo.tracks.fun:6354/s","https://cnol.cream-regards.net:1566/s","https://gqcx.articles-subtle.net:2852/s","https://vama.thirty-raise.net:9931/s","https://maaq.sheer-cover.org:1058/s","https://ndyq.loads-mariah.com:10554/s","https://mzln.barriers-rides.net:3564/s","https://lqfz.defend-broad.org:1033/s","https://bfhh.prior.world:8380/s","https://rhsg.nancy-battery.net:8240/s","https://ukpk.title-father.com:10789/s","https://psme.thirty-raise.net:4599/s","https://itpv.korea-injured.com:3487/s","https://sohj.further-penny.net:7272/s","https://vqbn.common-faced.com:6507/s","https://fdnk.cd-n.net:3254/s","https://oiep.topcdn.org:10800/s","https://ehmk.sought.fun:4326/s","https://albm.try9.net:5103/s","https://wkup.rules-tiger.org:7375/s","https://kgzl.angola-charms.org:7250/s","https://itwg.sought.fun:2412/s","https://bfba.trlone.com:9851/s","https://jzkf.condo-forest.net:1894/s","https://qklp.column-total.net:3497/s","https://xzox.cohen-feelings.org:5808/s","https://gtcr.prior.world:8009/s","https://ponj.nancy-battery.net:6112/s","https://ndep.2po.info:5648/s","https://wbbe.further-penny.net:5107/s","https://ngta.penny-karen.com:1834/s","https://wdlv.defend-broad.org:2452/s","https://kobu.earth-dying.com:8112/s","https://nzyo.trlone.com:3099/s","https://jkga.further-penny.net:5541/s","https://bnmc.try9.net:5408/s","https://zssr.column-total.net:2159/s","https://hxfd.writers-clerk.net:6055/s","https://lntw.freestat.org:1858/s","https://zthn.try9.net:2775/s","https://mnir.try9.net:2040/s","https://stmi.loads-mariah.com:1280/s","https://rfbb.cnt2.net:2906/s","https://cnbt.sought.fun:5197/s","https://kuyo.common-faced.com:1521/s","https://blin.greece-china.net:4253/s","https://qcav.seats-robbie.com:7386/s","https://qaqe.strictly-penalty.net:4564/s","https://zrmc.freestat.org:4083/s","https://qshu.nancy-battery.net:7373/s","https://wxwl.dirty-derby.net:5640/s","https://fnub.tracks.fun:7297/s","https://cgrg.fourqt.com:6130/s","https://zfkz.try9.net:3217/s","https://ewsp.prior.world:5232/s","https://cinv.dirty-derby.net:9770/s","https://ersu.sheer-cover.org:3376/s","https://ztgq.fourqt.com:3484/s","https://lbsa.condo-forest.net:7127/s","https://cspi.loads-mariah.com:9560/s","https://eive.cream-regards.net:6843/s","https://mgiv.klafive.com:6823/s","https://sudf.rules-tiger.org:6687/s","https://uuhk.angola-charms.org:8102/s","https://gewy.hopcdn.com:3052/s","https://vepf.wayne-decide.org:8490/s","https://bfor.seats-robbie.com:6242/s","https://xcge.gained-berlin.org:4772/s","https://blai.trips.ooo:10698/s","https://zedx.strictly-penalty.net:5033/s","https://ohrw.region-housing.net:3363/s","https://icpm.worry-knights.net:7701/s","https://kidf.klafive.com:5874/s","https://tjba.cd-n.net:7118/s","https://dxys.korea-injured.com:7646/s","https://hldt.worry-knights.net:1956/s","https://txfz.klafive.com:3464/s","https://cmva.trlone.com:4951/s","https://ddrz.region-housing.net:6069/s","https://vyrp.cnt2.net:7761/s","https://addq.diltwo.com:3462/s","https://dalz.try9.net:1546/s","https://jfzp.angola-charms.org:7890/s","https://njze.optics-thing.com:3034/s","https://cgxq.penny-karen.com:8123/s","https://ewha.bless-charter.net:9660/s","https://yurz.writers-clerk.net:5611/s","https://pnft.tribal-enjoy.com:2698/s","https://qctk.wealth-arcade.com:5049/s","https://rrpo.defend-broad.org:10076/s","https://rufn.korea-injured.com:8517/s","https://zqnz.articles-subtle.net:5458/s","https://pjkl.plates-allan.org:9171/s","https://orqd.thirty-raise.net:8172/s","https://royd.sheer-cover.org:4680/s","https://sfrr.armed-beaches.net:1292/s","https://djez.freestat.org:4157/s","https://kkug.sought.fun:7629/s","https://vxoc.wayne-decide.org:1449/s","https://pdog.greece-china.net:8339/s","https://ztbb.column-total.net:7837/s","https://siyq.writers-clerk.net:10497/s","https://lprg.pluto3.org:6355/s","https://bmio.dirty-derby.net:6982/s","https://ovam.armed-beaches.net:8903/s","https://wkxt.nancy-battery.net:2915/s","https://narb.penny-karen.com:6419/s","https://bygv.loads-mariah.com:6438/s","https://nhgn.angola-charms.org:2492/s","https://hejq.cnt2.net:1211/s","https://qhpx.wealth-arcade.com:3917/s","https://levp.cream-regards.net:10270/s","https://uidq.tracks.fun:6947/s","https://ibro.klafive.com:2994/s","https://cpev.medical-appeal.net:8077/s","https://cfpr.strictly-penalty.net:1057/s","https://dquh.klafive.com:5630/s","https://tduv.plates-allan.org:3771/s","https://istz.penny-karen.com:8946/s","https://rnso.tracks.fun:3319/s","https://japo.cream-regards.net:7022/s","https://eetc.tracks.fun:3612/s","https://umpl.cultures-facts.org:2420/s","https://imdo.cream-regards.net:5446/s","https://tpbm.tracks.fun:10471/s","https://fvny.defend-broad.org:1788/s","https://uccg.penny-karen.com:4104/s","https://vjfm.freedom-digit.org:8470/s","https://hlqr.cameron-brian.net:6487/s","https://blnn.greece-china.net:8789/s","https://wyou.wayne-decide.org:2437/s","https://lzzi.plates-allan.org:3005/s","https://hmwk.diltwo.com:4633/s","https://nzwc.seats-robbie.com:2647/s","https://nnmd.worry-knights.net:8893/s","https://gvja.greece-china.net:1248/s","https://uvah.tracks.fun:2161/s","https://tqaj.common-faced.com:9472/s","https://glft.writers-clerk.net:4422/s","https://tzrx.armed-beaches.net:1162/s","https://fkaa.seats-robbie.com:2576/s","https://lmof.plates-allan.org:3271/s","https://syzg.crimes-segment.net:1789/s","https://xjzi.optics-thing.com:8909/s","https://xqty.wealth-arcade.com:8724/s","https://rxzb.defend-broad.org:1044/s","https://quzv.pluto3.org:2491/s","https://qlcy.klafive.com:6490/s","https://vzax.medical-appeal.net:3893/s","https://othx.freestat.org:1782/s","https://spck.korea-injured.com:9275/s","https://rlxm.bless-charter.net:9737/s","https://xxbu.tracks.fun:6812/s","https://luya.cultures-facts.org:1222/s","https://vetj.hopcdn.com:3187/s","https://wkyl.trlone.com:1625/s","https://adud.nancy-battery.net:7209/s","https://deqf.korea-injured.com:8162/s","https://unfe.thirty-raise.net:3063/s","https://hmui.klafive.com:9786/s","https://qvwc.freestat.org:4966/s","https://mdjs.sheep-managing.org:3744/s","https://jteo.defend-broad.org:8599/s","https://tqut.title-father.com:8629/s","https://sevk.trips.ooo:10251/s","https://npdv.wayne-decide.org:2259/s","https://czfo.sheep-managing.org:3285/s","https://hjtj.plates-allan.org:1459/s","https://vgxu.klafive.com:3218/s","https://aozg.trips.ooo:10737/s","https://wfad.korea-injured.com:8499/s","https://frsr.enters-simply.net:1583/s","https://hbkw.greece-china.net:5628/s","https://naks.topcdn.org:3970/s","https://ophv.region-housing.net:2969/s","https://tqko.prior.world:8693/s","https://ohew.further-penny.net:1342/s","https://rzkl.try9.net:2152/s","https://ezbd.wayne-decide.org:6837/s","https://cckd.medical-appeal.net:5301/s","https://nsat.freestat.org:1156/s","https://qaaa.wayne-decide.org:4029/s","https://ldft.greece-china.net:9025/s","https://oawn.strictly-penalty.net:10232/s","https://pmld.loads-mariah.com:1219/s","https://kokq.strictly-penalty.net:1259/s","https://ycxc.worry-knights.net:4246/s","https://qngb.cultures-facts.org:5409/s","https://ogas.angola-charms.org:10888/s","https://czmc.gained-berlin.org:1410/s","https://omgp.cameron-brian.net:3236/s","https://dkqv.prior.world:5812/s","https://wuyl.cnt2.net:8684/s","https://fhyv.sought.fun:8795/s","https://wivc.cohen-feelings.org:1808/s","https://chec.tribal-enjoy.com:7159/s","https://cnxy.trlone.com:4128/s","https://zbjw.bless-charter.net:8122/s","https://kkzc.tracks.fun:2705/s","https://dtyw.plates-allan.org:6956/s","https://jeud.trips.ooo:9975/s","https://nlxr.sought.fun:7522/s","https://ltxg.worry-knights.net:1588/s","https://xplm.nancy-battery.net:7285/s","https://aywh.writers-clerk.net:5857/s","https://ieso.armed-beaches.net:10874/s","https://nvei.condo-forest.net:8217/s","https://vels.crimes-segment.net:10103/s","https://qdia.sheep-managing.org:8652/s","https://mqvq.klafive.com:6153/s","https://otxr.seats-robbie.com:3551/s","https://pkjh.nancy-battery.net:1468/s","https://cwpr.common-faced.com:5316/s","https://hszu.writers-clerk.net:7979/s","https://uazr.cd-n.net:3041/s","https://ggly.barriers-rides.net:7599/s","https://xerd.prior.world:1952/s","https://znyu.trips.ooo:2425/s","https://dqmd.common-faced.com:5315/s","https://uyhy.earth-dying.com:5616/s","https://kiem.region-housing.net:4756/s","https://dmcj.freedom-digit.org:9430/s","https://jpzw.hopcdn.com:3352/s","https://ruoo.cameron-brian.net:5040/s","https://jhhc.cnt2.net:1657/s","https://vxcl.title-father.com:1804/s","https://ljss.earth-dying.com:4119/s","https://cgnl.seats-robbie.com:9104/s","https://qlvu.loads-mariah.com:2055/s","https://cjms.freestat.org:9199/s","https://zlfr.cameron-brian.net:6396/s","https://hbqd.cd-n.net:9659/s","https://zsfp.earth-dying.com:2051/s","https://bpme.armed-beaches.net:6585/s","https://ddmx.pluto3.org:8161/s","https://ihwr.topcdn.org:3256/s","https://tsln.sheep-managing.org:7370/s","https://zvbl.seats-robbie.com:8670/s","https://hbdk.penny-karen.com:1235/s","https://fulg.prior.world:6087/s","https://abuf.try9.net:6288/s","https://elxh.bless-charter.net:6271/s","https://lsfb.tracks.fun:2329/s","https://esna.sheer-cover.org:10331/s","https://puss.dirty-derby.net:4648/s","https://gwuh.strictly-penalty.net:1717/s","https://hhsf.title-father.com:1549/s","https://fags.prior.world:2720/s","https://cmbo.wealth-arcade.com:2713/s","https://zqwc.gained-berlin.org:5806/s","https://edpn.try9.net:2264/s","https://gzch.klafive.com:3111/s","https://zrdc.medical-appeal.net:6398/s","https://obqt.rules-tiger.org:5401/s","https://osqt.cream-regards.net:9471/s","https://xzif.worry-knights.net:3513/s","https://lxmq.dirty-derby.net:3646/s","https://gofb.sheer-cover.org:2445/s","https://mbay.cream-regards.net:2282/s","https://wqnv.nancy-battery.net:1957/s","https://gemc.crimes-segment.net:9247/s","https://wmbt.belts-elvis.net:4797/s","https://kzft.region-housing.net:7609/s","https://bvhi.sheep-managing.org:11017/s","https://hiqd.bless-charter.net:5882/s","https://tqul.hopcdn.com:2882/s","https://xmxe.tribal-enjoy.com:10639/s","https://pyht.sheep-managing.org:9731/s","https://atkz.pluto3.org:1994/s","https://pqha.writers-clerk.net:3474/s","https://grfe.enters-simply.net:9316/s","https://smuq.further-penny.net:3190/s","https://djrb.barriers-rides.net:4607/s","https://funm.crimes-segment.net:8118/s","https://splg.articles-subtle.net:2304/s","https://ibup.barriers-rides.net:1274/s","https://vyvl.medical-appeal.net:2050/s","https://gvza.trlone.com:6673/s","https://eyee.belts-elvis.net:4191/s","https://ierq.cd-n.net:10021/s","https://nysi.trips.ooo:1296/s","https://zhzw.barriers-rides.net:6614/s","https://knfl.pluto3.org:2127/s","https://qrvc.sheer-cover.org:8686/s","https://pyxq.strictly-penalty.net:8749/s","https://gaec.crimes-segment.net:2583/s","https://dpge.wealth-arcade.com:8711/s","https://ctem.earth-dying.com:7211/s","https://jkcx.barriers-rides.net:8914/s","https://hxfz.dirty-derby.net:2676/s","https://cdxt.sought.fun:2540/s","https://wbhf.penny-karen.com:3823/s","https://zhid.sheer-cover.org:6887/s","https://oskx.further-penny.net:1150/s","https://mbvj.rules-tiger.org:6350/s","https://ockk.strictly-penalty.net:9106/s","https://itza.crimes-segment.net:3972/s","https://muaw.thirty-raise.net:8808/s","https://sjkk.thirty-raise.net:9948/s","https://nwkz.crimes-segment.net:9881/s","https://rjyj.freedom-digit.org:4557/s","https://vndh.column-total.net:8041/s","https://wonk.freedom-digit.org:2047/s","https://opdy.prior.world:6980/s","https://ribw.freedom-digit.org:1922/s","https://gehs.bless-charter.net:7379/s","https://jkil.condo-forest.net:1431/s","https://lnge.cd-n.net:6799/s"]}
